old_path,new_path,classification,reason,canonical,superseded_by,notes
docs/runtime_coverage_matrix.md,docs/knowledge/coverage/runtime_coverage.md,CURRENT_KNOWLEDGE,authoritative domain doc,docs/knowledge/coverage/runtime_coverage.md,,
docs/runtime_coverage_static_reaudit.md,docs/knowledge/coverage/runtime_coverage_static_reaudit.md,CURRENT_KNOWLEDGE,authoritative domain doc,docs/knowledge/coverage/runtime_coverage_static_reaudit.md,,
docs/runtime_backlog.md,docs/knowledge/coverage/runtime_backlog.md,CURRENT_KNOWLEDGE,authoritative domain doc,docs/knowledge/coverage/runtime_backlog.md,,
docs/false_complete_audit.md,docs/knowledge/coverage/false_complete_audit.md,CURRENT_KNOWLEDGE,authoritative domain doc,docs/knowledge/coverage/false_complete_audit.md,,
docs/false_complete_elimination.md,docs/knowledge/coverage/false_complete_elimination.md,CURRENT_KNOWLEDGE,authoritative domain doc,docs/knowledge/coverage/false_complete_elimination.md,,
docs/battle_variant_coverage.md,docs/knowledge/battle/battle_variant_coverage.md,CURRENT_KNOWLEDGE,authoritative domain doc,docs/knowledge/battle/battle_variant_coverage.md,,
docs/section_reward_system.md,docs/knowledge/rewards/section_reward_system.md,CURRENT_KNOWLEDGE,authoritative domain doc,docs/knowledge/rewards/section_reward_system.md,,
docs/section_reward_coverage.md,docs/knowledge/rewards/section_reward_coverage.md,CURRENT_KNOWLEDGE,authoritative domain doc,docs/knowledge/rewards/section_reward_coverage.md,,
docs/drop_algorithm_reverse_engineering.md,docs/knowledge/rewards/drop_algorithm.md,CURRENT_KNOWLEDGE,authoritative domain doc,docs/knowledge/rewards/drop_algorithm.md,,
docs/reward_semantics_reverse_engineering.md,docs/knowledge/rewards/reward_semantics.md,CURRENT_KNOWLEDGE,authoritative domain doc,docs/knowledge/rewards/reward_semantics.md,,
docs/fightitembag_persistence_boundary.md,docs/knowledge/rewards/fightitembag_persistence_boundary.md,CURRENT_KNOWLEDGE,authoritative domain doc,docs/knowledge/rewards/fightitembag_persistence_boundary.md,,
docs/gift_runtime_semantics.md,docs/knowledge/rewards/gift_runtime_semantics.md,CURRENT_KNOWLEDGE,authoritative domain doc,docs/knowledge/rewards/gift_runtime_semantics.md,,
docs/special_reward_state_machines.md,docs/knowledge/rewards/special_reward_state_machines.md,CURRENT_KNOWLEDGE,authoritative domain doc,docs/knowledge/rewards/special_reward_state_machines.md,,
docs/reward_system_server_fix_plan.md,docs/knowledge/rewards/server_fix_plan.md,CURRENT_KNOWLEDGE,authoritative domain doc,docs/knowledge/rewards/server_fix_plan.md,,
docs/equipment_instance_generation.md,docs/knowledge/equipment/equipment_instance_generation.md,CURRENT_KNOWLEDGE,authoritative domain doc,docs/knowledge/equipment/equipment_instance_generation.md,,
docs/economy_missing_evidence_followup.md,docs/knowledge/economy/missing_evidence_followup.md,CURRENT_KNOWLEDGE,authoritative domain doc,docs/knowledge/economy/missing_evidence_followup.md,,
docs/client_economy_data_audit.md,docs/knowledge/economy/client_economy_data_audit.md,CURRENT_KNOWLEDGE,authoritative domain doc,docs/knowledge/economy/client_economy_data_audit.md,,
docs/client_progression_data_audit.md,docs/knowledge/progression/progression_system.md,CURRENT_KNOWLEDGE,authoritative domain doc,docs/knowledge/progression/progression_system.md,,
docs/client_static_table_dictionary.md,docs/knowledge/client/static_table_dictionary.md,CURRENT_KNOWLEDGE,authoritative domain doc,docs/knowledge/client/static_table_dictionary.md,,
docs/persistence_relog_audit.md,docs/knowledge/persistence/persistence_relog_audit.md,CURRENT_KNOWLEDGE,authoritative domain doc,docs/knowledge/persistence/persistence_relog_audit.md,,
docs/architecture.md,docs/knowledge/architecture/server_architecture.md,CURRENT_KNOWLEDGE,authoritative domain doc,docs/knowledge/architecture/server_architecture.md,,
docs/development.md,docs/knowledge/dev/development.md,CURRENT_KNOWLEDGE,authoritative domain doc,docs/knowledge/dev/development.md,,
docs/network.md,docs/knowledge/dev/network.md,CURRENT_KNOWLEDGE,authoritative domain doc,docs/knowledge/dev/network.md,,
docs/protocol_spec.md,docs/knowledge/dev/protocol_spec.md,CURRENT_KNOWLEDGE,authoritative domain doc,docs/knowledge/dev/protocol_spec.md,,
docs/bootstrap.md,docs/knowledge/dev/bootstrap.md,CURRENT_KNOWLEDGE,authoritative domain doc,docs/knowledge/dev/bootstrap.md,,
docs/bootstrap_contract.md,docs/knowledge/dev/bootstrap_contract.md,CURRENT_KNOWLEDGE,authoritative domain doc,docs/knowledge/dev/bootstrap_contract.md,,
docs/startup_routing.md,docs/knowledge/dev/startup_routing.md,CURRENT_KNOWLEDGE,authoritative domain doc,docs/knowledge/dev/startup_routing.md,,
docs/gameconfig_resolution.md,docs/knowledge/dev/gameconfig_resolution.md,CURRENT_KNOWLEDGE,authoritative domain doc,docs/knowledge/dev/gameconfig_resolution.md,,
docs/reverse_engineering_sources.md,docs/knowledge/dev/reverse_engineering_sources.md,CURRENT_KNOWLEDGE,authoritative domain doc,docs/knowledge/dev/reverse_engineering_sources.md,,
docs/android_toolchain_manifest.md,docs/knowledge/dev/android_toolchain_manifest.md,CURRENT_KNOWLEDGE,authoritative domain doc,docs/knowledge/dev/android_toolchain_manifest.md,,
docs/all_section_battle_recovery.md,docs/knowledge/dev/all_section_battle_recovery.md,CURRENT_KNOWLEDGE,authoritative domain doc,docs/knowledge/dev/all_section_battle_recovery.md,,
docs/android_lab.md,docs/history/2026-09-22_01_android_lab.md,HISTORICAL_REPORT,phase/research report,,,
docs/android_lab_audit.md,docs/history/2026-09-22_02_android_lab_audit.md,HISTORICAL_REPORT,phase/research report,,,
docs/first_contact_plan.md,docs/history/2026-09-22_03_first_contact_plan.md,HISTORICAL_REPORT,phase/research report,,,
docs/first_contact_runs.md,docs/history/2026-09-22_04_first_contact_runs.md,HISTORICAL_REPORT,phase/research report,,,
docs/milestones.md,docs/history/2026-09-22_05_milestones.md,HISTORICAL_REPORT,phase/research report,,,superseded by docs/history/PROJECT_TIMELINE.md for cognitive history
docs/phase6_m0_m1_report.md,docs/history/2026-09-22_06_phase6_m0_m1_report.md,HISTORICAL_REPORT,phase/research report,,,
docs/phase7_m2_m3_report.md,docs/history/2026-09-22_07_phase7_m2_m3_report.md,HISTORICAL_REPORT,phase/research report,,,
docs/phase8_bootstrap_first_contact_report.md,docs/history/2026-09-22_08_phase8_bootstrap_first_contact_report.md,HISTORICAL_REPORT,phase/research report,,,
docs/phase9_gameconfig_first_contact_report.md,docs/history/2026-09-22_09_phase9_gameconfig_first_contact_report.md,HISTORICAL_REPORT,phase/research report,,,
docs/phase10_android_lab_first_contact_report.md,docs/history/2026-09-22_10_phase10_android_lab_first_contact_report.md,HISTORICAL_REPORT,phase/research report,,,
docs/phase11_revival_client_first_contact.md,docs/history/2026-09-22_11_phase11_revival_client_first_contact.md,HISTORICAL_REPORT,phase/research report,,,
docs/phase12_stable_startup.md,docs/history/2026-09-22_12_phase12_stable_startup.md,HISTORICAL_REPORT,phase/research report,,,
docs/phase13_first_contact.md,docs/history/2026-09-23_01_phase13_first_contact.md,HISTORICAL_REPORT,phase/research report,,,
docs/phase14_login_persistence.md,docs/history/2026-09-23_02_phase14_login_persistence.md,HISTORICAL_REPORT,phase/research report,,,
docs/phase15_lobby_account_state.md,docs/history/2026-09-23_03_phase15_lobby_account_state.md,HISTORICAL_REPORT,phase/research report,,,
docs/phase16_hero_mobility_mission.md,docs/history/2026-09-23_04_phase16_hero_mobility_mission.md,HISTORICAL_REPORT,phase/research report,,,
docs/phase17_lobby_consistency_first_battle.md,docs/history/2026-09-23_05_phase17_lobby_consistency_first_battle.md,HISTORICAL_REPORT,phase/research report,,,
docs/phase18_chat_first_battle.md,docs/history/2026-09-23_06_phase18_chat_first_battle.md,HISTORICAL_REPORT,phase/research report,,,
docs/phase19_economy.md,docs/history/2026-09-23_07_phase19_economy.md,HISTORICAL_REPORT,phase/research report,,,
docs/phase20_progression.md,docs/history/2026-09-23_08_phase20_progression.md,HISTORICAL_REPORT,phase/research report,,,
docs/mumu_migration.md,docs/history/2026-09-23_09_mumu_migration.md,HISTORICAL_REPORT,phase/research report,,,
docs/gold_dungeon_drop_clues.md,docs/history/2026-09-24_01_gold_dungeon_drop_clues.md,HISTORICAL_REPORT,phase/research report,,,
docs/daily_dungeon_reward_audit.md,docs/history/2026-09-24_02_daily_dungeon_reward_audit.md,HISTORICAL_REPORT,phase/research report,,,
docs/phase_battle_entry_domain.md,docs/history/2026-09-24_03_phase_battle_entry_domain.md,HISTORICAL_REPORT,phase/research report,,,
docs/phase_test_progression_inventory.md,docs/history/2026-09-24_04_phase_test_progression_inventory.md,HISTORICAL_REPORT,phase/research report,,,
docs/phase_wish_draw.md,docs/history/2026-09-24_05_phase_wish_draw.md,HISTORICAL_REPORT,phase/research report,,,
docs/shop_recovery_from_workbook.md,docs/history/2026-09-24_06_shop_recovery_from_workbook.md,HISTORICAL_REPORT,phase/research report,,,
docs/project_knowledge_index.md,docs/history/2026-09-25_01_project_knowledge_index.md,HISTORICAL_REPORT,phase/research report,,/PROJECT_INDEX.md,navigation migrated into PROJECT_INDEX.md; per-domain links now live under docs/knowledge/
docs/adr,docs/decisions/adr,CURRENT_KNOWLEDGE,decision records,docs/decisions/adr,,
docs/phase12_startup_evidence.json,evidence/raw/runtime_traces/phase12_startup_evidence.json,RAW_EVIDENCE,runtime observation evidence,evidence/raw/runtime_traces/phase12_startup_evidence.json,,
docs/phase13_first_contact_evidence.json,evidence/raw/runtime_traces/phase13_first_contact_evidence.json,RAW_EVIDENCE,runtime observation evidence,evidence/raw/runtime_traces/phase13_first_contact_evidence.json,,
docs/phase14_login_persistence_evidence.json,evidence/raw/runtime_traces/phase14_login_persistence_evidence.json,RAW_EVIDENCE,runtime observation evidence,evidence/raw/runtime_traces/phase14_login_persistence_evidence.json,,
docs/phase15_lobby_evidence.json,evidence/raw/runtime_traces/phase15_lobby_evidence.json,RAW_EVIDENCE,runtime observation evidence,evidence/raw/runtime_traces/phase15_lobby_evidence.json,,
D:/demo/x2/docs/deep_drop_archaeology.md,docs/history/2026-09-24_07_deep_drop_archaeology.md,HISTORICAL_REPORT,root-level research report centralized,,docs/knowledge/rewards/,plain move (non-git root)
D:/demo/x2/docs/drop_graph_audit.md,docs/history/2026-09-24_08_drop_graph_audit.md,HISTORICAL_REPORT,root-level research report centralized,,docs/knowledge/rewards/,plain move (non-git root)
D:/demo/x2/docs/dropvalue_code_path.md,docs/history/2026-09-24_09_dropvalue_code_path.md,HISTORICAL_REPORT,root-level research report centralized,,docs/knowledge/rewards/,plain move (non-git root)
D:/demo/x2/docs/external_dataset_crosscheck.md,docs/history/2026-09-25_02_external_dataset_crosscheck.md,HISTORICAL_REPORT,root-level research report centralized,,docs/knowledge/rewards/,plain move (non-git root)
D:/demo/x2/SESSION_HANDOFF.md,docs/history/2026-09-23_10_session_handoff_phase20_snapshot.md,HISTORICAL_REPORT,phase20-era handoff snapshot before trim,,D:/demo/x2/SESSION_HANDOFF.md,copy
D:/demo/x2/docs/external_dropvalue_evidence.md,docs/history/2026-09-25_03_external_dropvalue_evidence.md,HISTORICAL_REPORT,root-level research report centralized,,docs/knowledge/rewards/drop_system.md,plain move (non-git root)
