item_id,name,set_name,equib_suit,part,star_static,quality_static,equib_base_id,item_type,related_stage,im_quality_level,item_value,star_in_name,family,notes
1240001,奇美拉·一,奇美拉·一,400,1,,E_Unsure,1240001,E_Equip,,1,240,,PART_LEVEL(1240),
1240002,奇美拉·二,奇美拉·二,400,2,,E_Unsure,1240002,E_Equip,,1,220,,PART_LEVEL(1240),
1240003,奇美拉·三,奇美拉·三,400,3,,E_Unsure,1240003,E_Equip,,1,180,,PART_LEVEL(1240),
1240004,奇美拉·四,奇美拉·四,400,4,,E_Unsure,1240004,E_Equip,,1,210,,PART_LEVEL(1240),
1240005,奇美拉·五,奇美拉·五,400,5,,E_Unsure,1240005,E_Equip,,1,200,,PART_LEVEL(1240),
1240006,奇美拉·六,奇美拉·六,400,6,,E_Unsure,1240006,E_Equip,,1,180,,PART_LEVEL(1240),
1240011,九头蛇·一,九头蛇·一,401,1,,E_Unsure,1240011,E_Equip,,1,240,,PART_LEVEL(1240),
1240012,九头蛇·二,九头蛇·二,401,2,,E_Unsure,1240012,E_Equip,,3,220,,PART_LEVEL(1240),
1240013,九头蛇·三,九头蛇·三,401,3,,E_Unsure,1240013,E_Equip,,5,180,,PART_LEVEL(1240),
1240014,九头蛇·四,九头蛇·四,401,4,,E_Unsure,1240014,E_Equip,,6,210,,PART_LEVEL(1240),
1240015,九头蛇·五,九头蛇·五,401,5,,E_Unsure,1240015,E_Equip,,7,200,,PART_LEVEL(1240),
1240016,九头蛇·六,九头蛇·六,401,6,,E_Unsure,1240016,E_Equip,,7,180,,PART_LEVEL(1240),
1240021,狮鹫·一,狮鹫·一,402,1,,E_Unsure,1240021,E_Equip,,1,240,,PART_LEVEL(1240),
1240022,狮鹫·二,狮鹫·二,402,2,,E_Unsure,1240022,E_Equip,,3,220,,PART_LEVEL(1240),
1240023,狮鹫·三,狮鹫·三,402,3,,E_Unsure,1240023,E_Equip,,5,180,,PART_LEVEL(1240),
1240024,狮鹫·四,狮鹫·四,402,4,,E_Unsure,1240024,E_Equip,,6,210,,PART_LEVEL(1240),
1240025,狮鹫·五,狮鹫·五,402,5,,E_Unsure,1240025,E_Equip,,7,200,,PART_LEVEL(1240),
1240026,狮鹫·六,狮鹫·六,402,6,,E_Unsure,1240026,E_Equip,,7,180,,PART_LEVEL(1240),
1240031,米诺陶诺斯·一,米诺陶诺斯·一,403,1,,E_Unsure,1240031,E_Equip,,10,240,,PART_LEVEL(1240),
1240032,米诺陶诺斯·二,米诺陶诺斯·二,403,2,,E_Unsure,1240032,E_Equip,,10,220,,PART_LEVEL(1240),
1240033,米诺陶诺斯·三,米诺陶诺斯·三,403,3,,E_Unsure,1240033,E_Equip,,10,180,,PART_LEVEL(1240),
1240034,米诺陶诺斯·四,米诺陶诺斯·四,403,4,,E_Unsure,1240034,E_Equip,,10,210,,PART_LEVEL(1240),
1240035,米诺陶诺斯·五,米诺陶诺斯·五,403,5,,E_Unsure,1240035,E_Equip,,10,200,,PART_LEVEL(1240),
1240036,米诺陶诺斯·六,米诺陶诺斯·六,403,6,,E_Unsure,1240036,E_Equip,,10,180,,PART_LEVEL(1240),
1240041,独角兽·一,独角兽·一,404,1,,E_Unsure,1240041,E_Equip,,1,240,,PART_LEVEL(1240),
1240042,独角兽·二,独角兽·二,404,2,,E_Unsure,1240042,E_Equip,,3,220,,PART_LEVEL(1240),
1240043,独角兽·三,独角兽·三,404,3,,E_Unsure,1240043,E_Equip,,5,180,,PART_LEVEL(1240),
1240044,独角兽·四,独角兽·四,404,4,,E_Unsure,1240044,E_Equip,,6,210,,PART_LEVEL(1240),
1240045,独角兽·五,独角兽·五,404,5,,E_Unsure,1240045,E_Equip,,7,200,,PART_LEVEL(1240),
1240046,独角兽·六,独角兽·六,404,6,,E_Unsure,1240046,E_Equip,,7,180,,PART_LEVEL(1240),
1240051,混沌·一,混沌·一,405,1,,E_Unsure,1240051,E_Equip,,1,240,,PART_LEVEL(1240),
1240052,混沌·二,混沌·二,405,2,,E_Unsure,1240052,E_Equip,,3,220,,PART_LEVEL(1240),
1240053,混沌·三,混沌·三,405,3,,E_Unsure,1240053,E_Equip,,5,180,,PART_LEVEL(1240),
1240054,混沌·四,混沌·四,405,4,,E_Unsure,1240054,E_Equip,,6,210,,PART_LEVEL(1240),
1240055,混沌·五,混沌·五,405,5,,E_Unsure,1240055,E_Equip,,7,200,,PART_LEVEL(1240),
1240056,混沌·六,混沌·六,405,6,,E_Unsure,1240056,E_Equip,,7,180,,PART_LEVEL(1240),
1240061,北海巨妖·一,北海巨妖·一,406,1,,E_Unsure,1240061,E_Equip,,1,240,,PART_LEVEL(1240),
1240062,北海巨妖·二,北海巨妖·二,406,2,,E_Unsure,1240062,E_Equip,,3,220,,PART_LEVEL(1240),
1240063,北海巨妖·三,北海巨妖·三,406,3,,E_Unsure,1240063,E_Equip,,5,180,,PART_LEVEL(1240),
1240064,北海巨妖·四,北海巨妖·四,406,4,,E_Unsure,1240064,E_Equip,,6,210,,PART_LEVEL(1240),
1240065,北海巨妖·五,北海巨妖·五,406,5,,E_Unsure,1240065,E_Equip,,7,200,,PART_LEVEL(1240),
1240066,北海巨妖·六,北海巨妖·六,406,6,,E_Unsure,1240066,E_Equip,,7,180,,PART_LEVEL(1240),
1240091,雷兽·一,雷兽·一,409,1,,E_Unsure,1240091,E_Equip,,1,240,,PART_LEVEL(1240),
1240092,雷兽·二,雷兽·二,409,2,,E_Unsure,1240092,E_Equip,,3,220,,PART_LEVEL(1240),
1240093,雷兽·三,雷兽·三,409,3,,E_Unsure,1240093,E_Equip,,5,180,,PART_LEVEL(1240),
1240094,雷兽·四,雷兽·四,409,4,,E_Unsure,1240094,E_Equip,,6,210,,PART_LEVEL(1240),
1240095,雷兽·五,雷兽·五,409,5,,E_Unsure,1240095,E_Equip,,7,200,,PART_LEVEL(1240),
1240096,雷兽·六,雷兽·六,409,6,,E_Unsure,1240096,E_Equip,,7,180,,PART_LEVEL(1240),
1240101,饕餮·一,饕餮·一,410,1,,E_Unsure,1240101,E_Equip,,1,240,,PART_LEVEL(1240),
1240102,饕餮·二,饕餮·二,410,2,,E_Unsure,1240102,E_Equip,,3,220,,PART_LEVEL(1240),
1240103,饕餮·三,饕餮·三,410,3,,E_Unsure,1240103,E_Equip,,5,180,,PART_LEVEL(1240),
1240104,饕餮·四,饕餮·四,410,4,,E_Unsure,1240104,E_Equip,,6,210,,PART_LEVEL(1240),
1240105,饕餮·五,饕餮·五,410,5,,E_Unsure,1240105,E_Equip,,7,200,,PART_LEVEL(1240),
1240106,饕餮·六,饕餮·六,410,6,,E_Unsure,1240106,E_Equip,,7,180,,PART_LEVEL(1240),
1240111,米诺陶诺斯·一,米诺陶诺斯·一,411,1,,E_Unsure,1240111,E_Equip,,1,240,,PART_LEVEL(1240),
1240112,米诺陶诺斯·二,米诺陶诺斯·二,411,2,,E_Unsure,1240112,E_Equip,,3,220,,PART_LEVEL(1240),
1240113,米诺陶诺斯·三,米诺陶诺斯·三,411,3,,E_Unsure,1240113,E_Equip,,5,180,,PART_LEVEL(1240),
1240114,米诺陶诺斯·四,米诺陶诺斯·四,411,4,,E_Unsure,1240114,E_Equip,,6,210,,PART_LEVEL(1240),
1240115,米诺陶诺斯·五,米诺陶诺斯·五,411,5,,E_Unsure,1240115,E_Equip,,7,200,,PART_LEVEL(1240),
1240116,米诺陶诺斯·六,米诺陶诺斯·六,411,6,,E_Unsure,1240116,E_Equip,,7,180,,PART_LEVEL(1240),
1240121,斯芬克斯·一,斯芬克斯·一,412,1,,E_Unsure,1240121,E_Equip,,1,240,,PART_LEVEL(1240),
1240122,斯芬克斯·二,斯芬克斯·二,412,2,,E_Unsure,1240122,E_Equip,,3,220,,PART_LEVEL(1240),
1240123,斯芬克斯·三,斯芬克斯·三,412,3,,E_Unsure,1240123,E_Equip,,5,180,,PART_LEVEL(1240),
1240124,斯芬克斯·四,斯芬克斯·四,412,4,,E_Unsure,1240124,E_Equip,,6,210,,PART_LEVEL(1240),
1240125,斯芬克斯·五,斯芬克斯·五,412,5,,E_Unsure,1240125,E_Equip,,7,200,,PART_LEVEL(1240),
1240126,斯芬克斯·六,斯芬克斯·六,412,6,,E_Unsure,1240126,E_Equip,,7,180,,PART_LEVEL(1240),
1240131,独眼巨人·一,独眼巨人·一,413,1,,E_Unsure,1240131,E_Equip,,1,240,,PART_LEVEL(1240),
1240132,独眼巨人·二,独眼巨人·二,413,2,,E_Unsure,1240132,E_Equip,,3,220,,PART_LEVEL(1240),
1240133,独眼巨人·三,独眼巨人·三,413,3,,E_Unsure,1240133,E_Equip,,5,180,,PART_LEVEL(1240),
1240134,独眼巨人·四,独眼巨人·四,413,4,,E_Unsure,1240134,E_Equip,,6,210,,PART_LEVEL(1240),
1240135,独眼巨人·五,独眼巨人·五,413,5,,E_Unsure,1240135,E_Equip,,7,200,,PART_LEVEL(1240),
1240136,独眼巨人·六,独眼巨人·六,413,6,,E_Unsure,1240136,E_Equip,,7,180,,PART_LEVEL(1240),
1240141,小精灵·一,小精灵·一,414,1,,E_Unsure,1240141,E_Equip,,1,240,,PART_LEVEL(1240),
1240142,小精灵·二,小精灵·二,414,2,,E_Unsure,1240142,E_Equip,,3,220,,PART_LEVEL(1240),
1240143,小精灵·三,小精灵·三,414,3,,E_Unsure,1240143,E_Equip,,5,180,,PART_LEVEL(1240),
1240144,小精灵·四,小精灵·四,414,4,,E_Unsure,1240144,E_Equip,,6,210,,PART_LEVEL(1240),
1240145,小精灵·五,小精灵·五,414,5,,E_Unsure,1240145,E_Equip,,7,200,,PART_LEVEL(1240),
1240146,小精灵·六,小精灵·六,414,6,,E_Unsure,1240146,E_Equip,,7,180,,PART_LEVEL(1240),
1240151,霸下·一,霸下·一,415,1,,E_Unsure,1240151,E_Equip,,1,240,,PART_LEVEL(1240),
1240152,霸下·二,霸下·二,415,2,,E_Unsure,1240152,E_Equip,,3,220,,PART_LEVEL(1240),
1240153,霸下·三,霸下·三,415,3,,E_Unsure,1240153,E_Equip,,5,180,,PART_LEVEL(1240),
1240154,霸下·四,霸下·四,415,4,,E_Unsure,1240154,E_Equip,,6,210,,PART_LEVEL(1240),
1240155,霸下·五,霸下·五,415,5,,E_Unsure,1240155,E_Equip,,7,200,,PART_LEVEL(1240),
1240156,霸下·六,霸下·六,415,6,,E_Unsure,1240156,E_Equip,,7,180,,PART_LEVEL(1240),
1240161,不死鸟·一,不死鸟·一,416,1,,E_Unsure,1240161,E_Equip,,1,240,,PART_LEVEL(1240),
1240162,不死鸟·二,不死鸟·二,416,2,,E_Unsure,1240162,E_Equip,,1,220,,PART_LEVEL(1240),
1240163,不死鸟·三,不死鸟·三,416,3,,E_Unsure,1240163,E_Equip,,1,180,,PART_LEVEL(1240),
1240164,不死鸟·四,不死鸟·四,416,4,,E_Unsure,1240164,E_Equip,,1,210,,PART_LEVEL(1240),
1240165,不死鸟·五,不死鸟·五,416,5,,E_Unsure,1240165,E_Equip,,1,200,,PART_LEVEL(1240),
1240166,不死鸟·六,不死鸟·六,416,6,,E_Unsure,1240166,E_Equip,,1,180,,PART_LEVEL(1240),
1240171,刻耳柏洛斯·一,刻耳柏洛斯·一,417,1,,E_Unsure,1240171,E_Equip,,1,240,,PART_LEVEL(1240),
1240172,刻耳柏洛斯·二,刻耳柏洛斯·二,417,2,,E_Unsure,1240172,E_Equip,,1,220,,PART_LEVEL(1240),
1240173,刻耳柏洛斯·三,刻耳柏洛斯·三,417,3,,E_Unsure,1240173,E_Equip,,1,180,,PART_LEVEL(1240),
1240174,刻耳柏洛斯·四,刻耳柏洛斯·四,417,4,,E_Unsure,1240174,E_Equip,,1,210,,PART_LEVEL(1240),
1240175,刻耳柏洛斯·五,刻耳柏洛斯·五,417,5,,E_Unsure,1240175,E_Equip,,1,200,,PART_LEVEL(1240),
1240176,刻耳柏洛斯·六,刻耳柏洛斯·六,417,6,,E_Unsure,1240176,E_Equip,,1,180,,PART_LEVEL(1240),
1240181,乌洛波罗斯·一,乌洛波罗斯·一,418,1,,E_Unsure,1240181,E_Equip,,1,240,,PART_LEVEL(1240),
1240182,乌洛波罗斯·二,乌洛波罗斯·二,418,2,,E_Unsure,1240182,E_Equip,,1,220,,PART_LEVEL(1240),
1240183,乌洛波罗斯·三,乌洛波罗斯·三,418,3,,E_Unsure,1240183,E_Equip,,1,180,,PART_LEVEL(1240),
1240184,乌洛波罗斯·四,乌洛波罗斯·四,418,4,,E_Unsure,1240184,E_Equip,,1,210,,PART_LEVEL(1240),
1240185,乌洛波罗斯·五,乌洛波罗斯·五,418,5,,E_Unsure,1240185,E_Equip,,1,200,,PART_LEVEL(1240),
1240186,乌洛波罗斯·六,乌洛波罗斯·六,418,6,,E_Unsure,1240186,E_Equip,,1,180,,PART_LEVEL(1240),
1240191,珀伽索斯·一,珀伽索斯·一,419,1,,E_Unsure,1240191,E_Equip,,1,240,,PART_LEVEL(1240),
1240192,珀伽索斯·二,珀伽索斯·二,419,2,,E_Unsure,1240192,E_Equip,,1,220,,PART_LEVEL(1240),
1240193,珀伽索斯·三,珀伽索斯·三,419,3,,E_Unsure,1240193,E_Equip,,1,180,,PART_LEVEL(1240),
1240194,珀伽索斯·四,珀伽索斯·四,419,4,,E_Unsure,1240194,E_Equip,,1,210,,PART_LEVEL(1240),
1240195,珀伽索斯·五,珀伽索斯·五,419,5,,E_Unsure,1240195,E_Equip,,1,200,,PART_LEVEL(1240),
1240196,珀伽索斯·六,珀伽索斯·六,419,6,,E_Unsure,1240196,E_Equip,,1,180,,PART_LEVEL(1240),
1245001,奇美拉套装,奇美拉套装,400,,1,E_White,,E_Equip,1,999,240,,SET_STAR(1245),
1245002,奇美拉套装,奇美拉套装,400,,2,E_Green,,E_Equip,2,999,220,,SET_STAR(1245),
1245003,奇美拉套装,奇美拉套装,400,,3,E_Blue,,E_Equip,3,999,180,,SET_STAR(1245),
1245004,奇美拉4★套装,奇美拉套装,400,,4,E_Purple,,E_Equip,4,999,210,4,SET_STAR(1245),
1245005,奇美拉5★套装,奇美拉套装,400,,5,E_Orange,,E_Equip,5,999,200,5,SET_STAR(1245),
1245006,奇美拉6★套装,奇美拉套装,400,,6,E_Red,,E_Equip,6,999,180,6,SET_STAR(1245),
1245011,九头蛇套装,九头蛇套装,401,,1,E_White,,E_Equip,1,999,240,,SET_STAR(1245),
1245012,九头蛇套装,九头蛇套装,401,,2,E_Green,,E_Equip,2,999,220,,SET_STAR(1245),
1245013,九头蛇套装,九头蛇套装,401,,3,E_Blue,,E_Equip,3,999,180,,SET_STAR(1245),
1245014,九头蛇4★套装,九头蛇套装,401,,4,E_Purple,,E_Equip,4,999,210,4,SET_STAR(1245),
1245015,九头蛇5★套装,九头蛇套装,401,,5,E_Orange,,E_Equip,5,999,200,5,SET_STAR(1245),
1245016,九头蛇6★套装,九头蛇套装,401,,6,E_Red,,E_Equip,6,999,180,6,SET_STAR(1245),
1245021,狮鹫套装,狮鹫套装,402,,1,E_White,,E_Equip,1,999,240,,SET_STAR(1245),
1245022,狮鹫套装,狮鹫套装,402,,2,E_Green,,E_Equip,2,999,220,,SET_STAR(1245),
1245023,狮鹫套装,狮鹫套装,402,,3,E_Blue,,E_Equip,3,999,180,,SET_STAR(1245),
1245024,狮鹫4★套装,狮鹫套装,402,,4,E_Purple,,E_Equip,4,999,210,4,SET_STAR(1245),
1245025,狮鹫5★套装,狮鹫套装,402,,5,E_Orange,,E_Equip,5,999,200,5,SET_STAR(1245),
1245026,狮鹫6★套装,狮鹫套装,402,,6,E_Red,,E_Equip,6,999,180,6,SET_STAR(1245),
1245031,米诺陶诺斯套装,米诺陶诺斯套装,403,,1,E_White,,E_Equip,1,999,240,,SET_STAR(1245),
1245032,米诺陶诺斯套装,米诺陶诺斯套装,403,,2,E_Green,,E_Equip,2,999,220,,SET_STAR(1245),
1245033,米诺陶诺斯套装,米诺陶诺斯套装,403,,3,E_Blue,,E_Equip,3,999,180,,SET_STAR(1245),
1245034,米诺陶诺斯4★套装,米诺陶诺斯套装,403,,4,E_Purple,,E_Equip,4,999,210,4,SET_STAR(1245),
1245035,米诺陶诺斯5★套装,米诺陶诺斯套装,403,,5,E_Orange,,E_Equip,5,999,200,5,SET_STAR(1245),
1245036,米诺陶诺斯6★套装,米诺陶诺斯套装,403,,6,E_Red,,E_Equip,6,999,180,6,SET_STAR(1245),
1245041,独角兽套装,独角兽套装,404,,1,E_White,,E_Equip,1,999,240,,SET_STAR(1245),
1245042,独角兽套装,独角兽套装,404,,2,E_Green,,E_Equip,2,999,220,,SET_STAR(1245),
1245043,独角兽套装,独角兽套装,404,,3,E_Blue,,E_Equip,3,999,180,,SET_STAR(1245),
1245044,独角兽4★套装,独角兽套装,404,,4,E_Purple,,E_Equip,4,999,210,4,SET_STAR(1245),
1245045,独角兽5★套装,独角兽套装,404,,5,E_Orange,,E_Equip,5,999,200,5,SET_STAR(1245),
1245046,独角兽6★套装,独角兽套装,404,,6,E_Red,,E_Equip,6,999,180,6,SET_STAR(1245),
1245051,混沌套装,混沌套装,405,,1,E_White,,E_Equip,1,999,240,,SET_STAR(1245),
1245052,混沌套装,混沌套装,405,,2,E_Green,,E_Equip,2,999,220,,SET_STAR(1245),
1245053,混沌套装,混沌套装,405,,3,E_Blue,,E_Equip,3,999,180,,SET_STAR(1245),
1245054,混沌4★套装,混沌套装,405,,4,E_Purple,,E_Equip,4,999,210,4,SET_STAR(1245),
1245055,混沌5★套装,混沌套装,405,,5,E_Orange,,E_Equip,5,999,200,5,SET_STAR(1245),
1245056,混沌6★套装,混沌套装,405,,6,E_Red,,E_Equip,6,999,180,6,SET_STAR(1245),
1245061,北海巨妖套装,北海巨妖套装,406,,1,E_White,,E_Equip,1,999,240,,SET_STAR(1245),
1245062,北海巨妖套装,北海巨妖套装,406,,2,E_Green,,E_Equip,2,999,220,,SET_STAR(1245),
1245063,北海巨妖套装,北海巨妖套装,406,,3,E_Blue,,E_Equip,3,999,180,,SET_STAR(1245),
1245064,北海巨妖4★套装,北海巨妖套装,406,,4,E_Purple,,E_Equip,4,999,210,4,SET_STAR(1245),
1245065,北海巨妖5★套装,北海巨妖套装,406,,5,E_Orange,,E_Equip,5,999,200,5,SET_STAR(1245),
1245066,北海巨妖6★套装,北海巨妖套装,406,,6,E_Red,,E_Equip,6,999,180,6,SET_STAR(1245),
1245071,未知,未知,407,,1,E_White,,E_Equip,1,999,240,,SET_STAR(1245),
1245072,未知,未知,407,,2,E_Green,,E_Equip,2,999,220,,SET_STAR(1245),
1245073,未知,未知,407,,3,E_Blue,,E_Equip,3,999,180,,SET_STAR(1245),
1245074,未知,未知,407,,4,E_Purple,,E_Equip,4,999,210,,SET_STAR(1245),
1245075,未知,未知,407,,5,E_Orange,,E_Equip,5,999,200,,SET_STAR(1245),
1245076,未知,未知,407,,6,E_Red,,E_Equip,6,999,180,,SET_STAR(1245),
1245081,未知,未知,408,,1,E_White,,E_Equip,1,999,240,,SET_STAR(1245),
1245082,未知,未知,408,,2,E_Green,,E_Equip,2,999,220,,SET_STAR(1245),
1245083,未知,未知,408,,3,E_Blue,,E_Equip,3,999,180,,SET_STAR(1245),
1245084,未知,未知,408,,4,E_Purple,,E_Equip,4,999,210,,SET_STAR(1245),
1245085,未知,未知,408,,5,E_Orange,,E_Equip,5,999,200,,SET_STAR(1245),
1245086,未知,未知,408,,6,E_Red,,E_Equip,6,999,180,,SET_STAR(1245),
1245091,雷兽套装,雷兽套装,409,,1,E_White,,E_Equip,1,999,240,,SET_STAR(1245),
1245092,雷兽套装,雷兽套装,409,,2,E_Green,,E_Equip,2,999,220,,SET_STAR(1245),
1245093,雷兽套装,雷兽套装,409,,3,E_Blue,,E_Equip,3,999,180,,SET_STAR(1245),
1245094,雷兽4★套装,雷兽套装,409,,4,E_Purple,,E_Equip,4,999,210,4,SET_STAR(1245),
1245095,雷兽5★套装,雷兽套装,409,,5,E_Orange,,E_Equip,5,999,200,5,SET_STAR(1245),
1245096,雷兽6★套装,雷兽套装,409,,6,E_Red,,E_Equip,6,999,180,6,SET_STAR(1245),
1245101,饕餮套装,饕餮套装,410,,1,E_White,,E_Equip,1,999,240,,SET_STAR(1245),
1245102,饕餮套装,饕餮套装,410,,2,E_Green,,E_Equip,2,999,220,,SET_STAR(1245),
1245103,饕餮套装,饕餮套装,410,,3,E_Blue,,E_Equip,3,999,180,,SET_STAR(1245),
1245104,饕餮4★套装,饕餮套装,410,,4,E_Purple,,E_Equip,4,999,210,4,SET_STAR(1245),
1245105,饕餮5★套装,饕餮套装,410,,5,E_Orange,,E_Equip,5,999,200,5,SET_STAR(1245),
1245106,饕餮6★套装,饕餮套装,410,,6,E_Red,,E_Equip,6,999,180,6,SET_STAR(1245),
1245111,待定,待定,411,,1,E_White,,E_Equip,1,999,240,,SET_STAR(1245),
1245112,待定,待定,411,,2,E_Green,,E_Equip,2,999,220,,SET_STAR(1245),
1245113,待定,待定,411,,3,E_Blue,,E_Equip,3,999,180,,SET_STAR(1245),
1245114,待定,待定,411,,4,E_Purple,,E_Equip,4,999,210,,SET_STAR(1245),
1245115,待定,待定,411,,5,E_Orange,,E_Equip,5,999,200,,SET_STAR(1245),
1245116,待定,待定,411,,6,E_Red,,E_Equip,6,999,180,,SET_STAR(1245),
1245121,斯芬克斯套装,斯芬克斯套装,412,,1,E_White,,E_Equip,1,999,240,,SET_STAR(1245),
1245122,斯芬克斯套装,斯芬克斯套装,412,,2,E_Green,,E_Equip,2,999,220,,SET_STAR(1245),
1245123,斯芬克斯套装,斯芬克斯套装,412,,3,E_Blue,,E_Equip,3,999,180,,SET_STAR(1245),
1245124,斯芬克斯4★套装,斯芬克斯套装,412,,4,E_Purple,,E_Equip,4,999,210,4,SET_STAR(1245),
1245125,斯芬克斯5★套装,斯芬克斯套装,412,,5,E_Orange,,E_Equip,5,999,200,5,SET_STAR(1245),
1245126,斯芬克斯6★套装,斯芬克斯套装,412,,6,E_Red,,E_Equip,6,999,180,6,SET_STAR(1245),
1245131,独眼巨人套装,独眼巨人套装,413,,1,E_White,,E_Equip,1,999,240,,SET_STAR(1245),
1245132,独眼巨人套装,独眼巨人套装,413,,2,E_Green,,E_Equip,2,999,220,,SET_STAR(1245),
1245133,独眼巨人套装,独眼巨人套装,413,,3,E_Blue,,E_Equip,3,999,180,,SET_STAR(1245),
1245134,独眼巨人4★套装,独眼巨人套装,413,,4,E_Purple,,E_Equip,4,999,210,4,SET_STAR(1245),
1245135,独眼巨人5★套装,独眼巨人套装,413,,5,E_Orange,,E_Equip,5,999,200,5,SET_STAR(1245),
1245136,独眼巨人6★套装,独眼巨人套装,413,,6,E_Red,,E_Equip,6,999,180,6,SET_STAR(1245),
1245141,小精灵套装,小精灵套装,414,,1,E_White,,E_Equip,1,999,240,,SET_STAR(1245),
1245142,小精灵套装,小精灵套装,414,,2,E_Green,,E_Equip,2,999,220,,SET_STAR(1245),
1245143,小精灵套装,小精灵套装,414,,3,E_Blue,,E_Equip,3,999,180,,SET_STAR(1245),
1245144,小精灵4★套装,小精灵套装,414,,4,E_Purple,,E_Equip,4,999,210,4,SET_STAR(1245),
1245145,小精灵5★套装,小精灵套装,414,,5,E_Orange,,E_Equip,5,999,200,5,SET_STAR(1245),
1245146,小精灵6★套装,小精灵套装,414,,6,E_Red,,E_Equip,6,999,180,6,SET_STAR(1245),
1245151,霸下套装,霸下套装,415,,1,E_White,,E_Equip,1,999,240,,SET_STAR(1245),
1245152,霸下套装,霸下套装,415,,2,E_Green,,E_Equip,2,999,220,,SET_STAR(1245),
1245153,霸下套装,霸下套装,415,,3,E_Blue,,E_Equip,3,999,180,,SET_STAR(1245),
1245154,霸下4★套装,霸下套装,415,,4,E_Purple,,E_Equip,4,999,210,4,SET_STAR(1245),
1245155,霸下5★套装,霸下套装,415,,5,E_Orange,,E_Equip,5,999,200,5,SET_STAR(1245),
1245156,霸下6★套装,霸下套装,415,,6,E_Red,,E_Equip,6,999,180,6,SET_STAR(1245),
1245161,不死鸟套装,不死鸟套装,416,,1,E_White,,E_Equip,1,999,240,,SET_STAR(1245),
1245162,不死鸟套装,不死鸟套装,416,,2,E_Green,,E_Equip,2,999,220,,SET_STAR(1245),
1245163,不死鸟套装,不死鸟套装,416,,3,E_Blue,,E_Equip,3,999,180,,SET_STAR(1245),
1245164,不死鸟4★套装,不死鸟套装,416,,4,E_Purple,,E_Equip,4,999,210,4,SET_STAR(1245),
1245165,不死鸟5★套装,不死鸟套装,416,,5,E_Orange,,E_Equip,5,999,200,5,SET_STAR(1245),
1245166,不死鸟6★套装,不死鸟套装,416,,6,E_Red,,E_Equip,6,999,180,6,SET_STAR(1245),
1245171,刻耳柏洛斯套装,刻耳柏洛斯套装,417,,1,E_White,,E_Equip,1,999,240,,SET_STAR(1245),
1245172,刻耳柏洛斯套装,刻耳柏洛斯套装,417,,2,E_Green,,E_Equip,2,999,220,,SET_STAR(1245),
1245173,刻耳柏洛斯套装,刻耳柏洛斯套装,417,,3,E_Blue,,E_Equip,3,999,180,,SET_STAR(1245),
1245174,刻耳柏洛斯4★套装,刻耳柏洛斯套装,417,,4,E_Purple,,E_Equip,4,999,210,4,SET_STAR(1245),
1245175,刻耳柏洛斯5★套装,刻耳柏洛斯套装,417,,5,E_Orange,,E_Equip,5,999,200,5,SET_STAR(1245),
1245176,刻耳柏洛斯6★套装,刻耳柏洛斯套装,417,,6,E_Red,,E_Equip,6,999,180,6,SET_STAR(1245),
1245181,乌洛波罗斯套装,乌洛波罗斯套装,418,,1,E_White,,E_Equip,1,999,240,,SET_STAR(1245),
1245182,乌洛波罗斯套装,乌洛波罗斯套装,418,,2,E_Green,,E_Equip,2,999,220,,SET_STAR(1245),
1245183,乌洛波罗斯套装,乌洛波罗斯套装,418,,3,E_Blue,,E_Equip,3,999,180,,SET_STAR(1245),
1245184,乌洛波罗斯4★套装,乌洛波罗斯套装,418,,4,E_Purple,,E_Equip,4,999,210,4,SET_STAR(1245),
1245185,乌洛波罗斯5★套装,乌洛波罗斯套装,418,,5,E_Orange,,E_Equip,5,999,200,5,SET_STAR(1245),
1245186,乌洛波罗斯6★套装,乌洛波罗斯套装,418,,6,E_Red,,E_Equip,6,999,180,6,SET_STAR(1245),
1245191,珀伽索斯套装,珀伽索斯套装,419,,1,E_White,,E_Equip,1,999,240,,SET_STAR(1245),
1245192,珀伽索斯套装,珀伽索斯套装,419,,2,E_Green,,E_Equip,2,999,220,,SET_STAR(1245),
1245193,珀伽索斯套装,珀伽索斯套装,419,,3,E_Blue,,E_Equip,3,999,180,,SET_STAR(1245),
1245194,珀伽索斯4★套装,珀伽索斯套装,419,,4,E_Purple,,E_Equip,4,999,210,4,SET_STAR(1245),
1245195,珀伽索斯5★套装,珀伽索斯套装,419,,5,E_Orange,,E_Equip,5,999,200,5,SET_STAR(1245),
1245196,珀伽索斯6★套装,珀伽索斯套装,419,,6,E_Red,,E_Equip,6,999,180,6,SET_STAR(1245),
