preset,logins_per_day,days,average_building_level,average_wonder_level,completed_upgrades,rift_runs_assumed,energy_generated,energy_spent,energy_end,dispatches_claimed,dispatch_gold_expected,alchemy_outputs,washing_actual,washing_potential_ceiling,college_gold_receipts,college_gold_spent,college_gold_net,rift_gold_receipts,external_gold_assumed
CONSERVATIVE,1,1,1.0,1.0,0,1,18.0,0.0,18.0,0,0.0,0,0,5,0.0,900.0,-900.0,360.0,14552
CONSERVATIVE,1,7,1.75,1.43,9,7,126.0,96.0,30.0,2,2960.0,0,0,35,2960.0,12300.0,-9340.0,2520.0,101864
CONSERVATIVE,1,30,4.62,3.14,44,30,540.0,528.0,12.0,10,14800.0,0,0,150,14800.0,76200.0,-61400.0,10800.0,436560
CONSERVATIVE,1,90,9.0,9.14,121,90,1620.0,1584.0,36.0,33,48840.0,0,0,450,48840.0,358200.0,-309360.0,41040.0,1309680
CONSERVATIVE,2,1,1.12,1.0,1,2,30.0,24.0,6.0,0,0.0,0,0,5,0.0,3800.0,-3800.0,720.0,14552
CONSERVATIVE,2,7,2.62,1.86,19,14,246.0,240.0,6.0,9,10440.0,0,0,35,10440.0,28600.0,-18160.0,5040.0,101864
CONSERVATIVE,2,30,7.5,6.0,87,60,1074.0,1056.0,18.0,44,51040.0,0,0,150,51040.0,204150.0,-153110.0,24840.0,436560
CONSERVATIVE,2,90,13.75,15.0,200,180,3234.0,3216.0,18.0,134,155440.0,0,0,450,155440.0,894200.0,-738760.0,105660.0,1309680
CONSERVATIVE,3,1,1.25,1.14,3,3,30.0,16.0,14.0,0,0.0,0,0,5,0.0,4700.0,-4700.0,1080.0,14552
CONSERVATIVE,3,7,3.5,2.43,30,21,246.0,240.0,6.0,14,11760.0,0,0,35,11760.0,45200.0,-33440.0,7560.0,101864
CONSERVATIVE,3,30,9.0,9.14,121,90,1074.0,1072.0,2.0,65,54600.0,0,0,150,54600.0,358200.0,-303600.0,41040.0,436560
CONSERVATIVE,3,90,17.88,16.57,244,270,3234.0,3232.0,2.0,200,168000.0,0,0,450,168000.0,1285900.0,-1117900.0,186120.0,1309680
BALANCED,1,1,1.0,1.0,0,1,24.0,0.0,24.0,0,0.0,0,0,10,0.0,750.0,-750.0,360.0,14552
BALANCED,1,7,1.75,1.71,11,7,312.0,288.0,24.0,5,7400.0,0,0,70,7400.0,14850.0,-7450.0,2520.0,101864
BALANCED,1,30,4.62,5.0,57,30,1416.0,1392.0,24.0,28,41440.0,0,0,300,41440.0,94600.0,-53160.0,10980.0,436560
BALANCED,1,90,11.38,10.71,151,90,4296.0,4272.0,24.0,88,130240.0,0,0,900,130240.0,415550.0,-285310.0,46980.0,1309680
BALANCED,2,1,1.12,1.0,1,2,40.0,24.0,16.0,0,0.0,0,0,10,0.0,3100.0,-3100.0,720.0,14552
BALANCED,2,7,2.62,2.71,25,14,328.0,312.0,16.0,12,13920.0,0,0,70,13920.0,34400.0,-20480.0,5040.0,101864
BALANCED,2,30,8.38,8.71,113,60,1432.0,1416.0,16.0,58,67280.0,0,0,300,67280.0,261100.0,-193820.0,27180.0,436560
BALANCED,2,90,17.62,15.0,231,180,4312.0,4296.0,16.0,178,206480.0,0,0,900,206480.0,911550.0,-705070.0,119880.0,1309680
BALANCED,3,1,1.25,1.14,3,3,40.0,32.0,8.0,1,840.0,0,0,10,840.0,5450.0,-4610.0,1080.0,14552
BALANCED,3,7,3.5,3.71,39,21,328.0,320.0,8.0,18,15120.0,0,0,70,15120.0,57600.0,-42480.0,7560.0,101864
BALANCED,3,30,11.38,10.71,151,90,1432.0,1424.0,8.0,87,73080.0,0,0,300,73080.0,415550.0,-342470.0,46980.0,436560
BALANCED,3,90,19.25,20.0,279,270,4312.0,4304.0,8.0,267,224280.0,0,0,900,224280.0,1371450.0,-1147170.0,204120.0,1309680
RELAXED,1,1,1.0,1.0,0,1,36.0,0.0,36.0,0,0.0,0,0,20,0.0,550.0,-550.0,360.0,14552
RELAXED,1,7,1.75,1.71,11,7,336.0,288.0,48.0,5,7400.0,0,0,140,7400.0,11050.0,-3650.0,2520.0,101864
RELAXED,1,30,4.62,5.0,57,30,1440.0,1392.0,48.0,28,41440.0,0,0,600,41440.0,70950.0,-29510.0,10980.0,436560
RELAXED,1,90,12.0,11.14,159,90,4320.0,4272.0,48.0,88,130240.0,0,0,1800,130240.0,340800.0,-210560.0,47880.0,1309680
RELAXED,2,1,1.12,1.0,1,2,60.0,48.0,12.0,1,1160.0,0,0,20,1160.0,2300.0,-1140.0,720.0,14552
RELAXED,2,7,2.62,2.71,25,14,408.0,336.0,72.0,13,15080.0,0,0,140,15080.0,25700.0,-10620.0,5040.0,101864
RELAXED,2,30,8.38,9.29,117,60,1512.0,1440.0,72.0,59,68440.0,0,0,600,68440.0,210550.0,-142110.0,27180.0,436560
RELAXED,2,90,17.88,16.57,244,180,4392.0,4320.0,72.0,179,207640.0,0,0,1800,207640.0,772800.0,-565160.0,122400.0,1309680
RELAXED,3,1,1.25,1.14,3,3,60.0,48.0,12.0,1,840.0,0,0,20,840.0,4050.0,-3210.0,1080.0,14552
RELAXED,3,7,3.5,3.71,39,21,416.0,336.0,80.0,19,15960.0,0,0,140,15960.0,43100.0,-27140.0,7560.0,101864
RELAXED,3,30,12.0,11.14,159,90,1520.0,1440.0,80.0,88,73920.0,0,0,600,73920.0,340800.0,-266880.0,47880.0,436560
RELAXED,3,90,22.12,20.0,302,270,4400.0,4320.0,80.0,268,225120.0,0,0,1800,225120.0,1152350.0,-927230.0,208980.0,1309680
