domain,contributor,source_files,request_ids,response_ids,static_tables,db_tables,state_mutation,persistence,relog_restore,push_refresh,external_tests,evidence_class,initial_decision,reason
SHOP,A,"data/shop_goods.json;player/economy.py;messages/economy.py","219;220;221;301","222;224;225;302","ShopConfig;ShopGoodsGroup;ItemSource","shop_purchases",purchase and refresh,yes,query only,ItemUpdate and PlayerData,none shipped,REVIVAL_COMPATIBILITY,REFERENCE_ONLY,"76 slots include 60 guessed pairings; B broader; old reward code conflicts with current main"
SHOP,B,"data/shop_goods.json;player/economy.py;messages/economy.py","219;220;221;301","222;224;225;302","ShopConfig;ShopGoodsGroup;ItemSource","shop_compat_counts;shop_receipts",purchase with current RewardGrant,yes,query and login,ItemUpdate and PlayerData,none shipped,REVIVAL_COMPATIBILITY,INTEGRATED_PARTIAL,"130 non-809 candidate slots; unsupported reward destinations withheld; current 809 mapping is stronger"
AFFECTION,A,"player/favor.py;messages/favor.py","274;498;500;502;651;657","277;499;501;503;652;658","FavorabilityHero;FavorabilityLevel;FavorabilityFetters;FavorabilityFiles","hero_favors;hero_fetters;hero_gift_log",favor and gifts,yes,HeroData and FavorMap,HeroUpdate,none shipped,REVIVAL_COMPATIBILITY,ADAPT,"wire and persistence useful; fixed gain and level floor require compatibility decisions"
AFFECTION,B,"data/favor_catalog.json;player/favor.py;messages/favor.py;player/hero.py","274;498;500;502;651;657","277;499;501;503;652;658","FavorabilityHero;FavorabilityLevel;FavorabilityFetters;FavorabilityFiles;FavorabilityDairy","hero_favors;hero_fetters;hero_gift_log;hero_touch_log",favor touch gift archive and fetters,yes,HeroData and FavorMap,HeroUpdate and FavorChangeInfo,none shipped,REVIVAL_COMPATIBILITY,ADAPT,"use verified schema and table rows; do not silently grant fixed favor or floor all heroes at level 10"
COLLECTION,B,"data/collection_catalog.json;player/economy.py;messages/economy.py","586;588","587;589",Collection and Gift,collection_awards,claim award,yes,query at relog,ItemUpdate and PlayerData,none shipped,OFFICIAL_STRONG_INFERENCE,ADAPT,"26 static rows and wire confirmed; candidate omits 1021 from 133101 and 1030 from 133204; regenerate from canonical table"
INVENTORY,A+B,"player/economy.py;messages/economy.py",multiple,multiple,Item and CurrencyType,inventory,credit and spend,yes,ItemAll,ItemUpdate,none shipped,UNKNOWN,REJECT,"current RewardGrant and ReportCurrency paths are newer; no whole-file copy"
REWARD,A+B,"player/economy.py;player/battle.py;player/equipment.py",887 and others,152 and others,Gift and SectionTable,"economy_grants;battle_receipts;equipment_instances",battle settlement,yes,login and query,RewardData and pushes,none shipped,UNKNOWN,REJECT,"old snapshots predate current 264/266 ReportCurrency equipment and checkout fixes"
PLAYER,A+B,"player/hero.py;player/store.py;player/appearance.py",141 and others,142 and others,Hero and IconInfo,players.snapshot,account appearance and hero state,yes,PlayerDataProto,HeroUpdate and PlayerDataProto,none shipped,REVIVAL_COMPATIBILITY,DEFER,"some account state useful but all-icons-unlocked is a contributor rule"
LOGIN_RESTORE,A+B,"player/login.py;messages/core.py;bootstrap/local_identity.py",54,79,BaseInfo and HeroData,players.snapshot,login state and token,yes,Login and PlayerDataProto,PlayerDataProto,none shipped,UNKNOWN,DEFER,"current login includes later birthday and stamina fixes; old login/token behavior must be isolated"
PROTOCOL,A+B,"messages/favor.py;messages/appearance.py;messages/economy.py;protocol/recovered_ids.py",multiple,multiple,IL2CPP protobuf,none,none,no,wire only,response schemas,none shipped,OFFICIAL_CONFIRMED,ADAPT,"compare each field and ID against current client catalog before registering"
OTHER_ACTIVITY_BOX,B,"player/economy.py;messages/economy.py",310,"311;567",TaskControl,task_boxes,activity claim,yes,GameTask boxList,TreasureBoxUpdate,none shipped,OFFICIAL_STRONG_INFERENCE,ADAPT,"0-based box index claimed from live capture but raw capture not shipped; validate against client send and current rewards"
OTHER_APPEARANCE,A+B,"player/appearance.py;messages/appearance.py;data/icon_catalog.json;data/dubbing_catalog.json","141;688;690;999;1002;1008","142;689;691;1001;1003;1009",Icon and Dubbing,players.snapshot,wear and voice state,partial,PlayerDataProto,SeasonIcon and dubbing pushes,none shipped,REVIVAL_COMPATIBILITY,DEFER,"all icons and voices unlocked is a contributor policy; preserve ownership semantics"
